id;nome;sexo;email;nascimento
1;Program;MASCULINO;Eulalia.Leannon@yahoo.com;2021-03-12
2;teal Mobility;FEMININO;Elmo.Fay14@hotmail.com;2021-03-12
3;Multi-lateral El Salvador Colon US Dollar Wooden;MASCULINO;Faustino.Johnston@yahoo.com;2021-03-13
4;Shirt black;FEMININO;Brant98@hotmail.com;2021-03-12
5;District Switchable invoice;FEMININO;Cassandre_Will67@yahoo.com;2021-03-13
6;Cayman Islands Dollar;FEMININO;Carmelo_Langosh64@gmail.com;2021-03-12
7;microchip;MASCULINO;Jean.Sanford@gmail.com;2021-03-13
8;Paradigm;MASCULINO;Elliot.Wisoky@gmail.com;2021-03-13
9;California;FEMININO;Willie.Grimes19@gmail.com;2021-03-13
10;Clothing PCI Auto Loan Account;MASCULINO;Kaycee_Buckridge@yahoo.com;2021-03-13
